User ID,User_Status
567,Unistall
1777,Unistall
1778,Not Unistall
1780,Not Unistall
1781,Unistall
1782,Unistall
1783,Unistall
1788,Not Unistall
1789,Unistall
1791,Not Unistall
1794,Unistall
1795,Not Unistall
1799,Unistall
1802,Unistall
1805,Not Unistall
1809,Unistall
1810,Not Unistall
1813,Not Unistall
1814,Unistall
1815,Unistall
1817,Unistall
1818,Unistall
1819,Not Unistall
1834,Not Unistall
1903,Unistall
1907,Unistall
1908,Unistall
1914,Unistall
1915,Unistall
1924,Unistall
1928,Not Unistall
1939,Unistall
1960,Unistall
1963,Unistall
1967,Unistall
1969,Not Unistall
1980,Unistall
1983,Unistall
1984,Not Unistall
1985,Unistall
1986,Unistall
1988,Unistall
1989,Unistall
1992,Unistall
1996,Not Unistall
1997,Not Unistall
1999,Not Unistall
2000,Unistall
2001,Unistall
2002,Unistall
2003,Not Unistall
2005,Not Unistall
2006,Unistall
2007,Unistall
2008,Unistall
2009,Unistall
2018,Unistall
2021,Unistall
2022,Unistall
2023,Unistall
2025,Unistall
2026,Unistall
2037,Unistall
2038,Not Unistall
2039,Unistall
2040,Not Unistall
2041,Unistall
2042,Not Unistall
2043,Unistall
2044,Unistall
2045,Unistall
2046,Not Unistall
2047,Unistall
2048,Unistall
2049,Not Unistall
2050,Unistall
2051,Unistall
2052,Unistall
2053,Not Unistall
2055,Unistall
2056,Not Unistall
2057,Unistall
2058,Unistall
2059,Unistall
2060,Not Unistall
2061,Unistall
2064,Unistall
2065,Unistall
2066,Unistall
2068,Unistall
2069,Unistall
2070,Not Unistall
2071,Unistall
2072,Unistall
2073,Not Unistall
2074,Unistall
2081,Not Unistall
2082,Not Unistall
2083,Unistall
2084,Unistall
2085,Not Unistall
2086,Unistall
2089,Not Unistall
2094,Unistall
2096,Not Unistall
2098,Not Unistall
2099,Unistall
2100,Unistall
2101,Unistall
2102,Not Unistall
2103,Unistall
2104,Unistall
2105,Unistall
2106,Not Unistall
2108,Unistall
2109,Unistall
2110,Unistall
2111,Unistall
2112,Unistall
2113,Unistall
2114,Unistall
2119,Unistall
2121,Not Unistall
2123,Not Unistall
2124,Unistall
2125,Not Unistall
2126,Unistall
2127,Unistall
2128,Unistall
2129,Unistall
2132,Unistall
2133,Unistall
2135,Unistall
2136,Unistall
2137,Unistall
2138,Unistall
2139,Unistall
2140,Unistall
2141,Unistall
2142,Unistall
2143,Unistall
2144,Unistall
2149,Unistall
2151,Unistall
2154,Not Unistall
2155,Unistall
2156,Unistall
2158,Unistall
2159,Unistall
2160,Unistall
2161,Unistall
2162,Unistall
2163,Unistall
2164,Unistall
2165,Unistall
2166,Unistall
2167,Unistall
2168,Unistall
2169,Unistall
2170,Unistall
2171,Unistall
2172,Unistall
2173,Unistall
2174,Unistall
2176,Unistall
2181,Unistall
2182,Unistall
2183,Unistall
2187,Unistall
2190,Unistall
2192,Unistall
2193,Unistall
2194,Not Unistall
2201,Unistall
2203,Not Unistall
2206,Unistall
2213,Not Unistall
2216,Not Unistall
2217,Unistall
2219,Unistall
2220,Unistall
2221,Unistall
2225,Unistall
2226,Unistall
2227,Unistall
2228,Unistall
2230,Unistall
2232,Unistall
2239,Unistall
2240,Not Unistall
2241,Not Unistall
2242,Unistall
2243,Unistall
2244,Unistall
2245,Unistall
2246,Unistall
2247,Unistall
2248,Unistall
2249,Unistall
2250,Not Unistall
2251,Unistall
2252,Unistall
2254,Unistall
2255,Unistall
2256,Unistall
2257,Unistall
2258,Unistall
2259,Unistall
2260,Unistall
2261,Unistall
2262,Unistall
2263,Unistall
2264,Unistall
2265,Unistall
2266,Unistall
2267,Unistall
2268,Unistall
2269,Unistall
2270,Unistall
2271,Unistall
2272,Not Unistall
2274,Unistall
2275,Unistall
2276,Not Unistall
2278,Unistall
2279,Unistall
2280,Unistall
2282,Unistall
2283,Unistall
2284,Unistall
2285,Unistall
2288,Not Unistall
2289,Unistall
2290,Unistall
2291,Not Unistall
2293,Unistall
2294,Not Unistall
2295,Not Unistall
2296,Unistall
2298,Not Unistall
2299,Unistall
2300,Unistall
2301,Unistall
2302,Unistall
2303,Unistall
2304,Unistall
2305,Not Unistall
2307,Unistall
2310,Unistall
2311,Unistall
2312,Unistall
2313,Unistall
2314,Not Unistall
2315,Not Unistall
2316,Unistall
2317,Unistall
2318,Unistall
2319,Not Unistall
2320,Not Unistall
2321,Not Unistall
2322,Not Unistall
2323,Not Unistall
2324,Unistall
2326,Unistall
2328,Unistall
2330,Unistall
2331,Unistall
2332,Unistall
2333,Unistall
2335,Unistall
2337,Unistall
2338,Not Unistall
2340,Unistall
2341,Unistall
2342,Unistall
2343,Unistall
2344,Unistall
2346,Unistall
2347,Unistall
2348,Unistall
2349,Unistall
2350,Unistall
2351,Unistall
2352,Unistall
2354,Unistall
2355,Not Unistall
2356,Unistall
2358,Unistall
2359,Unistall
2362,Unistall
2363,Unistall
2364,Unistall
2365,Unistall
2366,Unistall
2371,Not Unistall
2372,Unistall
2373,Unistall
2375,Unistall
2379,Unistall
2380,Unistall
2382,Unistall
2386,Unistall
2387,Unistall
2388,Unistall
2389,Unistall
2390,Unistall
2392,Unistall
2393,Unistall
2394,Not Unistall
2395,Unistall
2396,Unistall
2397,Unistall
2399,Unistall
2400,Unistall
2401,Unistall
2404,Unistall
2405,Unistall
2406,Unistall
2409,Unistall
2410,Not Unistall
2411,Unistall
2413,Unistall
2414,Unistall
2415,Unistall
2416,Unistall
2417,Unistall
2418,Unistall
2419,Unistall
2420,Unistall
2421,Unistall
2422,Unistall
2423,Unistall
2424,Unistall
2425,Unistall
2426,Unistall
2427,Unistall
2428,Unistall
2429,Unistall
2430,Unistall
2431,Unistall
2432,Not Unistall
2434,Unistall
2435,Unistall
2436,Unistall
2437,Unistall
2438,Not Unistall
2439,Unistall
2440,Unistall
2441,Unistall
2442,Unistall
2443,Unistall
2444,Unistall
2445,Unistall
2446,Unistall
2447,Unistall
2449,Unistall
2450,Unistall
2452,Not Unistall
2454,Unistall
2455,Unistall
2457,Unistall
2458,Unistall
2461,Unistall
2462,Unistall
2463,Unistall
2465,Unistall
2468,Unistall
2469,Unistall
2470,Unistall
2471,Unistall
2472,Unistall
2473,Unistall
2474,Unistall
2475,Unistall
2476,Unistall
2477,Unistall
2478,Unistall
2479,Unistall
2481,Unistall
2482,Unistall
2483,Not Unistall
2484,Unistall
2485,Unistall
2486,Unistall
2487,Unistall
2488,Unistall
2489,Unistall
2490,Unistall
2491,Unistall
2492,Unistall
2494,Unistall
2495,Unistall
2496,Unistall
2497,Unistall
2500,Unistall
2501,Unistall
2502,Unistall
2504,Unistall
2506,Unistall
2507,Unistall
2508,Unistall
2509,Unistall
2510,Not Unistall
2511,Unistall
2512,Unistall
2513,Unistall
2514,Unistall
2515,Unistall
2517,Unistall
2518,Unistall
2519,Unistall
2520,Not Unistall
2522,Unistall
2523,Not Unistall
2524,Unistall
2525,Unistall
2526,Unistall
2527,Unistall
2528,Unistall
2529,Unistall
2530,Unistall
2531,Unistall
2532,Unistall
2533,Unistall
2534,Unistall
2535,Unistall
2537,Unistall
2538,Unistall
2539,Unistall
2540,Unistall
2542,Unistall
2543,Unistall
2545,Unistall
2546,Unistall
2547,Unistall
2548,Unistall
2549,Unistall
2550,Unistall
2551,Not Unistall
2552,Not Unistall
2555,Unistall
2556,Unistall
2557,Unistall
2558,Not Unistall
2560,Unistall
2561,Unistall
2562,Unistall
2564,Unistall
2565,Unistall
2566,Unistall
2567,Unistall
2568,Unistall
2569,Unistall
2570,Unistall
2573,Unistall
2574,Unistall
2575,Unistall
2576,Unistall
2577,Not Unistall
2578,Unistall
2579,Unistall
2580,Unistall
2581,Unistall
2582,Unistall
2583,Unistall
2584,Unistall
2585,Unistall
2586,Unistall
2587,Unistall
2588,Unistall
2589,Unistall
2590,Unistall
2591,Unistall
2592,Unistall
2593,Unistall
2594,Not Unistall
2595,Unistall
2596,Unistall
2597,Unistall
2598,Unistall
2599,Not Unistall
2600,Unistall
2601,Unistall
2602,Unistall
2603,Unistall
2604,Not Unistall
2605,Unistall
2606,Unistall
2607,Unistall
2608,Unistall
2609,Unistall
2610,Unistall
2611,Unistall
2612,Not Unistall
2613,Not Unistall
2614,Unistall
2615,Unistall
2616,Unistall
2617,Unistall
2618,Not Unistall
2619,Unistall
2620,Unistall
2621,Unistall
2622,Unistall
2623,Unistall
2624,Not Unistall
2625,Unistall
2626,Unistall
2627,Unistall
2628,Unistall
2629,Unistall
2630,Unistall
2631,Unistall
2632,Unistall
2633,Unistall
2634,Unistall
2635,Unistall
2636,Unistall
2637,Unistall
2638,Unistall
2639,Not Unistall
2640,Unistall
2641,Unistall
2642,Unistall
2643,Unistall
2644,Unistall
2645,Unistall
2646,Unistall
2647,Unistall
2648,Unistall
2649,Unistall
2650,Unistall
2651,Not Unistall
2652,Unistall
2654,Unistall
2655,Unistall
2656,Unistall
2657,Unistall
2658,Unistall
2659,Unistall
2660,Not Unistall
2661,Unistall
2662,Unistall
2663,Unistall
2664,Unistall
2665,Unistall
2666,Unistall
2667,Not Unistall
2668,Unistall
2669,Not Unistall
2670,Unistall
2671,Unistall
2672,Unistall
2673,Unistall
2674,Unistall
2675,Not Unistall
2676,Unistall
2677,Not Unistall
2678,Unistall
2679,Not Unistall
2680,Unistall
2681,Unistall
2682,Not Unistall
2683,Unistall
2684,Unistall
2685,Unistall
2686,Unistall
2687,Unistall
2688,Unistall
2689,Unistall
2690,Unistall
2691,Unistall
2692,Unistall
2693,Unistall
2694,Unistall
2695,Unistall
2696,Not Unistall
2697,Unistall
2698,Unistall
2699,Not Unistall
2700,Not Unistall
2701,Not Unistall
2702,Unistall
2703,Not Unistall
2704,Unistall
2705,Unistall
2706,Unistall
2709,Unistall
2710,Unistall
2711,Unistall
2712,Unistall
2714,Unistall
2716,Unistall
2717,Unistall
2718,Unistall
2719,Unistall
2720,Not Unistall
2721,Unistall
2722,Unistall
2723,Not Unistall
2724,Unistall
2725,Unistall
2726,Not Unistall
2727,Unistall
2728,Unistall
2729,Not Unistall
2730,Unistall
2731,Not Unistall
2732,Unistall
2733,Unistall
2734,Unistall
2735,Unistall
2736,Unistall
2737,Unistall
2738,Unistall
2739,Not Unistall
2740,Unistall
2741,Not Unistall
2742,Unistall
2743,Unistall
2744,Not Unistall
2745,Unistall
2747,Unistall
2748,Unistall
2749,Unistall
2750,Unistall
2752,Unistall
2753,Unistall
2754,Not Unistall
2755,Unistall
2756,Not Unistall
2757,Unistall
2758,Unistall
2759,Unistall
2760,Unistall
2761,Not Unistall
2762,Unistall
2763,Unistall
2764,Unistall
2767,Unistall
2768,Not Unistall
2769,Not Unistall
2770,Unistall
2771,Unistall
2772,Unistall
2773,Not Unistall
2775,Not Unistall
2776,Unistall
2778,Not Unistall
2779,Not Unistall
2780,Unistall
2781,Unistall
2782,Unistall
2783,Not Unistall
2784,Unistall
2785,Unistall
2786,Unistall
2787,Unistall
2788,Unistall
2789,Not Unistall
2790,Not Unistall
2791,Unistall
2792,Not Unistall
2793,Unistall
2794,Unistall
2795,Unistall
2796,Not Unistall
2797,Unistall
2798,Unistall
2799,Unistall
2800,Not Unistall
2801,Not Unistall
2802,Unistall
2803,Unistall
2804,Unistall
2805,Unistall
2806,Not Unistall
2807,Unistall
2810,Unistall
2811,Unistall
2812,Unistall
2813,Unistall
2814,Unistall
2817,Unistall
2818,Unistall
2819,Unistall
2820,Unistall
2821,Unistall
2822,Unistall
2823,Unistall
2824,Unistall
2825,Unistall
2826,Unistall
2827,Unistall
2828,Not Unistall
2829,Unistall
2830,Not Unistall
2831,Not Unistall
2832,Unistall
2833,Unistall
2834,Unistall
2835,Unistall
2836,Not Unistall
2837,Not Unistall
2841,Unistall
2842,Not Unistall
2843,Unistall
2844,Unistall
2845,Unistall
2846,Unistall
2848,Unistall
2849,Unistall
2850,Unistall
2851,Unistall
2852,Unistall
2853,Not Unistall
2854,Unistall
2855,Unistall
2856,Unistall
2857,Not Unistall
2858,Unistall
2859,Unistall
2860,Unistall
2861,Not Unistall
2865,Unistall
2866,Unistall
2867,Unistall
2870,Not Unistall
2871,Unistall
2872,Unistall
2874,Unistall
2875,Unistall
2876,Unistall
2877,Unistall
2878,Not Unistall
2879,Unistall
2880,Unistall
2881,Unistall
2882,Unistall
2883,Unistall
2884,Unistall
2885,Not Unistall
2886,Unistall
2887,Unistall
2888,Unistall
2889,Unistall
2890,Unistall
2891,Unistall
2892,Unistall
2893,Unistall
2894,Unistall
2895,Unistall
2896,Unistall
2897,Unistall
2898,Unistall
2899,Unistall
2900,Not Unistall
2901,Unistall
2902,Unistall
2903,Unistall
2904,Not Unistall
2908,Not Unistall
2910,Unistall
2913,Unistall
2914,Unistall
2916,Unistall
2917,Unistall
2918,Unistall
2919,Unistall
2920,Not Unistall
2921,Not Unistall
2922,Unistall
2923,Unistall
2925,Unistall
2926,Not Unistall
2927,Unistall
2928,Unistall
2929,Unistall
2930,Unistall
2933,Not Unistall
2935,Unistall
2936,Unistall
2937,Not Unistall
2938,Not Unistall
2939,Not Unistall
2942,Unistall
2944,Unistall
2945,Not Unistall
2946,Not Unistall
2947,Unistall
2949,Unistall
2950,Unistall
2951,Unistall
2952,Not Unistall
2954,Unistall
2955,Unistall
2956,Unistall
2957,Unistall
2958,Unistall
2959,Unistall
2960,Not Unistall
2961,Unistall
2963,Not Unistall
2964,Unistall
2965,Unistall
2967,Unistall
2968,Unistall
2970,Unistall
2974,Unistall
2976,Unistall
2977,Unistall
2978,Unistall
2981,Unistall
2982,Unistall
2983,Unistall
2988,Not Unistall
2989,Not Unistall
2990,Unistall
2991,Unistall
2993,Unistall
2994,Unistall
2995,Unistall
2997,Unistall
2998,Not Unistall
3003,Unistall
3004,Unistall
3005,Unistall
3006,Unistall
3007,Unistall
3008,Unistall
3009,Unistall
3010,Unistall
3011,Unistall
3013,Unistall
3014,Unistall
3015,Unistall
3017,Unistall
3018,Not Unistall
3019,Unistall
3020,Unistall
3021,Unistall
3023,Unistall
3024,Unistall
3025,Unistall
3026,Not Unistall
3027,Unistall
3028,Not Unistall
3030,Unistall
3031,Unistall
3032,Unistall
3033,Unistall
3034,Unistall
3035,Unistall
3036,Unistall
3037,Unistall
3039,Unistall
3040,Unistall
3041,Unistall
3042,Unistall
3043,Not Unistall
3044,Unistall
3045,Unistall
3046,Unistall
3047,Unistall
3051,Unistall
3052,Unistall
3053,Not Unistall
3054,Not Unistall
3055,Unistall
3056,Unistall
3057,Not Unistall
3061,Unistall
3062,Unistall
3064,Not Unistall
3065,Unistall
3066,Unistall
3068,Unistall
3070,Not Unistall
3071,Not Unistall
3072,Unistall
3073,Unistall
3074,Unistall
3075,Unistall
3079,Not Unistall
3080,Unistall
3081,Not Unistall
3082,Unistall
3083,Unistall
3084,Unistall
3085,Not Unistall
3086,Not Unistall
3087,Unistall
3088,Not Unistall
3090,Unistall
3091,Unistall
3092,Unistall
3095,Unistall
3101,Unistall
3102,Unistall
3103,Unistall
3104,Not Unistall
3105,Unistall
3106,Not Unistall
3107,Not Unistall
3108,Unistall
3109,Unistall
3110,Unistall
3111,Unistall
3112,Unistall
3113,Unistall
3114,Unistall
3116,Unistall
3117,Not Unistall
3118,Unistall
3121,Unistall
3126,Not Unistall
3127,Unistall
3128,Unistall
3129,Unistall
3135,Unistall
3137,Not Unistall
3139,Not Unistall
3140,Unistall
3141,Unistall
3142,Unistall
3144,Not Unistall
3145,Unistall
3148,Not Unistall
3149,Unistall
3150,Not Unistall
3151,Unistall
3152,Unistall
3153,Unistall
3154,Unistall
3156,Unistall
3157,Unistall
3158,Unistall
3159,Unistall
3160,Unistall
3161,Unistall
3162,Not Unistall
3163,Not Unistall
3164,Unistall
3165,Unistall
3166,Unistall
3167,Unistall
3168,Not Unistall
3169,Unistall
3170,Unistall
3171,Unistall
3172,Not Unistall
3173,Unistall
3174,Unistall
3175,Unistall
3176,Unistall
3177,Unistall
3178,Not Unistall
3179,Unistall
3180,Unistall
3181,Unistall
3182,Not Unistall
3184,Unistall
3185,Unistall
3186,Unistall
3187,Unistall
3188,Unistall
3189,Unistall
3191,Unistall
3192,Unistall
3193,Unistall
3194,Not Unistall
3195,Unistall
3196,Unistall
3197,Unistall
3198,Not Unistall
3199,Unistall
3200,Not Unistall
3201,Not Unistall
3202,Unistall
3203,Not Unistall
3204,Not Unistall
3205,Unistall
3206,Unistall
3207,Unistall
3208,Not Unistall
3209,Unistall
3210,Unistall
3211,Unistall
3212,Unistall
3213,Unistall
3214,Not Unistall
3215,Unistall
3216,Unistall
3217,Unistall
3218,Not Unistall
3219,Unistall
3220,Not Unistall
3221,Not Unistall
3222,Unistall
3223,Unistall
3224,Unistall
3225,Unistall
3226,Unistall
3227,Unistall
3228,Unistall
3229,Unistall
3230,Unistall
3231,Not Unistall
3232,Unistall
3233,Unistall
3234,Unistall
3235,Unistall
3236,Unistall
3239,Unistall
3240,Unistall
3241,Not Unistall
3242,Unistall
3243,Unistall
3244,Unistall
3246,Unistall
3247,Unistall
3248,Unistall
3249,Not Unistall
3250,Unistall
3251,Not Unistall
3252,Unistall
3253,Unistall
3254,Unistall
3255,Not Unistall
3256,Not Unistall
3257,Unistall
3258,Unistall
3259,Unistall
3260,Unistall
3261,Unistall
3262,Unistall
